Ref,Val,Package,PosX,PosY,Rot,Side
"C1","1u","C_0603_1608Metric",27.000000,-25.500000,90.000000,top
"C2","100n","C_0603_1608Metric",70.350000,-56.500000,0.000000,top
"C3","100n","C_0603_1608Metric",91.350000,-56.500000,0.000000,top
"C4","100n","C_0603_1608Metric",49.350000,-56.500000,0.000000,top
"C5","100n","C_0603_1608Metric",59.850000,-56.500000,0.000000,top
"C6","100n","C_0603_1608Metric",80.850000,-56.500000,0.000000,top
"C7","100n","C_0603_1608Metric",38.850000,-56.500000,0.000000,top
"C8","100n","C_0603_1608Metric",92.700000,-38.300000,0.000000,top
"C9","100n","C_0603_1608Metric",102.100000,-38.300000,0.000000,top
"C10","100n","C_0603_1608Metric",64.700000,-38.300000,0.000000,top
"C11","100n","C_0603_1608Metric",72.700000,-38.300000,0.000000,top
"C12","100n","C_0603_1608Metric",82.700000,-38.300000,0.000000,top
"C13","100n","C_0603_1608Metric",56.500000,-38.300000,0.000000,top
"C14","100n","C_0603_1608Metric",104.140000,-23.590000,-90.000000,top
"C15","100n","C_0603_1608Metric",104.138000,-35.095000,-90.000000,top
"C16","100n","C_0603_1608Metric",104.137500,-52.595000,-90.000000,top
"C17","100n","C_0603_1608Metric",74.850000,-52.700000,0.000000,top
"C18","100n","C_0603_1608Metric",101.837500,-51.055000,90.000000,top
"C19","100n","C_0603_1608Metric",39.837500,-47.055000,90.000000,top
"C20","100n","C_0603_1608Metric",109.795000,-54.000000,0.000000,top
"C21","100n","C_0603_1608Metric",45.200000,-52.000000,0.000000,top
"C22","100n","C_0603_1608Metric",27.700000,-19.009999,180.000000,top
"C23","100n","C_0603_1608Metric",79.450000,-38.800000,0.000000,top
"C24","100n","C_0603_1608Metric",52.750000,-38.800000,0.000000,top
"C26","10u","C_0805_2012Metric",51.500000,-17.800000,180.000000,top
"C27","10u","C_0805_2012Metric",27.000000,-58.000000,0.000000,top
"C28","10u","C_0805_2012Metric",83.000000,-17.000000,90.000000,top
"C29","10u","C_0805_2012Metric",63.700000,-20.650000,90.000000,top
"C30","10u","C_0805_2012Metric",27.200000,-16.500000,180.000000,top
"C31","22u","C_0805_2012Metric",51.500000,-14.800000,90.000000,top
"D1","SS34","D_SMA",65.000000,-15.200000,90.000000,top
"D2","SS34","D_SMA",68.750000,-15.200000,90.000000,top
"J2","USB-C_16P","USB_C_Receptacle_HRO_TYPE-C-31-M-12",76.000000,-13.650000,180.000000,top
"LED1","STATUS_BLUE","LED_0603_1608Metric",97.500000,-15.500000,90.000000,top
"LED2","PWR_GREEN","LED_0603_1608Metric",101.000000,-15.500000,90.000000,top
"R1","10k","R_0603_1608Metric",27.000000,-22.000000,90.000000,top
"R2","10k","R_0603_1608Metric",27.000000,-29.100000,90.000000,top
"R3","5.1k","R_0603_1608Metric",78.000000,-22.600000,90.000000,top
"R4","5.1k","R_0603_1608Metric",74.250000,-22.600000,90.000000,top
"R5","100k","R_0603_1608Metric",51.500000,-22.000000,90.000000,top
"R6","100k","R_0603_1608Metric",51.500000,-26.000000,90.000000,top
"R9","10k","R_0603_1608Metric",112.800000,-52.500000,90.000000,top
"R10","10k","R_0603_1608Metric",74.850000,-46.200000,0.000000,top
"R11","10k","R_0603_1608Metric",100.500000,-40.800000,90.000000,top
"R12","10k","R_0603_1608Metric",48.000000,-41.500000,90.000000,top
"R13","10k","R_0603_1608Metric",100.500000,-44.000000,90.000000,top
"R14","10k","R_0603_1608Metric",48.000000,-45.500000,90.000000,top
"R15","10k","R_0603_1608Metric",100.500000,-47.200000,90.000000,top
"R16","10k","R_0603_1608Metric",48.000000,-49.500000,90.000000,top
"R17","10k","R_0603_1608Metric",74.850000,-44.200000,0.000000,top
"R18","1k","R_0603_1608Metric",98.500000,-18.600000,90.000000,top
"R19","1k","R_0603_1608Metric",101.000000,-18.600000,90.000000,top
"R20","0R","R_0603_1608Metric",74.000000,-55.800000,0.000000,top
"SW1","RESET","SW_SPST_B3U-1000P",87.000000,-15.500000,0.000000,top
"SW2","BOOT","SW_SPST_B3U-1000P",94.000000,-15.500000,0.000000,top
"U1","SN74LVC245APW","TSSOP-20_4.4x6.5mm_P0.65mm",72.500000,-61.300000,90.000000,top
"U2","SN74LVC245APW","TSSOP-20_4.4x6.5mm_P0.65mm",93.500000,-61.300000,90.000000,top
"U3","SN74LVC245APW","TSSOP-20_4.4x6.5mm_P0.65mm",51.500000,-61.300000,90.000000,top
"U4","SN74LVC245APW","TSSOP-20_4.4x6.5mm_P0.65mm",62.000000,-61.300000,90.000000,top
"U5","SN74LVC245APW","TSSOP-20_4.4x6.5mm_P0.65mm",83.000000,-61.300000,90.000000,top
"U6","SN74LVC245APW","TSSOP-20_4.4x6.5mm_P0.65mm",41.000000,-61.300000,90.000000,top
"U7","SN74LVC245APW","TSSOP-20_4.4x6.5mm_P0.65mm",89.000000,-33.500000,-90.000000,top
"U8","SN74LVC245APW","TSSOP-20_4.4x6.5mm_P0.65mm",98.400000,-33.500000,-90.000000,top
"U9","SN74LVC245APW","TSSOP-20_4.4x6.5mm_P0.65mm",61.000000,-33.500000,-90.000000,top
"U10","SN74LVC245APW","TSSOP-20_4.4x6.5mm_P0.65mm",69.000000,-33.500000,-90.000000,top
"U11","SN74LVC245APW","TSSOP-20_4.4x6.5mm_P0.65mm",79.000000,-33.500000,-90.000000,top
"U12","SN74LVC245APW","TSSOP-20_4.4x6.5mm_P0.65mm",52.800000,-33.500000,-90.000000,top
"U13","CY62128EV30LL-45SXIT","SOP-32_11.305x20.495mm_P1.27mm",88.200000,-47.500000,90.000000,top
"U14","CY62128EV30LL-45SXIT","SOP-32_11.305x20.495mm_P1.27mm",61.500000,-47.500000,90.000000,top
"U15","74HC595PW","TSSOP-16_4.4x5mm_P0.65mm",107.000000,-19.000000,180.000000,top
"U16","74HC595PW","TSSOP-16_4.4x5mm_P0.65mm",106.450000,-30.500000,180.000000,top
"U17","SN74LVC157APW","TSSOP-16_4.4x5mm_P0.65mm",107.000000,-48.000000,180.000000,top
"U18","74LVC1G04","SOT-353_SC-70-5",74.850000,-50.000000,0.000000,top
"U19","74LVC1G04","SOT-353_SC-70-5",101.000000,-54.000000,0.000000,top
"U20","74LVC1G04","SOT-353_SC-70-5",39.000000,-50.000000,0.000000,top
"U21","74LVC1G10","SOT-363_SC-70-6",106.500000,-54.000000,0.000000,top
"U22","74LVC1G10","SOT-363_SC-70-6",43.000000,-50.000000,0.000000,top
"U23","ESP32-S3-WROOM-1-N8","ESP32-S3-WROOM-1",39.200000,-23.000000,0.000000,top
"U25","AMS1117-3.3","SOT-223-3_TabPin2",58.000000,-15.200000,0.000000,top
